run_id,date,bot,bot_hash,tag,seedset,scenario,standin,n,n_errors,win_rate,mean_sc,se_sc,mark,borderline,t_max,n_over_p99gate,maxrss_mb,n_exceptions,n_illegal,n_timeouts,n_desync
20260926-012539_baseline-static_profile,2026-09-26T01:26,baseline:static,ba0ed4a33a,profile,A,1,,49,0,0.0,3.1429,0.0505,0,False,0.0001,0,95.2,0,0,0,0
20260926-012539_baseline-static_profile,2026-09-26T01:26,baseline:static,ba0ed4a33a,profile,A,2,,49,0,0.0,2.449,0.1625,0,False,0.0011,0,100.1,0,0,0,0
20260926-012539_baseline-static_profile,2026-09-26T01:26,baseline:static,ba0ed4a33a,profile,A,3,baseline:greedy,49,0,0.0,2.4082,0.1621,0,False,0.0092,0,100.3,0,0,0,0
20260926-012607_baseline-random_profile,2026-09-26T01:26,baseline:random,ba0ed4a33a,profile,A,1,,49,0,0.0,6.551,0.2493,0,False,0.0742,0,97.6,0,0,0,0
20260926-012607_baseline-random_profile,2026-09-26T01:26,baseline:random,ba0ed4a33a,profile,A,2,,49,0,0.0,1.551,0.3017,0,False,0.0512,0,99.3,0,0,0,0
20260926-012607_baseline-random_profile,2026-09-26T01:26,baseline:random,ba0ed4a33a,profile,A,3,baseline:greedy,49,0,0.0,1.3673,0.2912,0,False,0.061,0,100.1,0,0,0,0
20260926-012648_baseline-attitude_profile,2026-09-26T01:27,baseline:attitude,ba0ed4a33a,profile,A,1,,49,0,0.0,6.7551,0.2432,0,False,0.0787,0,98.2,0,0,0,0
20260926-012648_baseline-attitude_profile,2026-09-26T01:27,baseline:attitude,ba0ed4a33a,profile,A,2,,49,0,0.0,1.551,0.2625,0,False,0.0436,0,101.1,0,0,0,0
20260926-012648_baseline-attitude_profile,2026-09-26T01:27,baseline:attitude,ba0ed4a33a,profile,A,3,baseline:greedy,49,0,0.0,1.3673,0.2345,0,False,0.0396,0,101.1,0,0,0,0
20260926-012728_baseline-greedy_profile,2026-09-26T01:28,baseline:greedy,ba0ed4a33a,profile,A,1,,49,0,0.0408,7.3878,0.4007,1,True,0.0084,0,98.5,0,0,0,0
20260926-012728_baseline-greedy_profile,2026-09-26T01:28,baseline:greedy,ba0ed4a33a,profile,A,2,,49,0,0.3061,9.9184,0.9815,3,True,0.0506,0,100.5,0,4,0,0
20260926-012728_baseline-greedy_profile,2026-09-26T01:28,baseline:greedy,ba0ed4a33a,profile,A,3,baseline:greedy,49,0,0.1429,7.6531,0.8464,1,True,0.0338,0,101.1,0,8,0,0
